<?xml version="1.0" encoding="UTF-8"?>
<exch:CrashDriverInfo
  xmlns:xsi="http://www.w3.org/2001/XMLSchema-instance"
  xmlns:exch="http://release.niem.gov/niem/tutorial/contesa/"
  xmlns:nc="http://release.niem.gov/niem/niem-core/4.0/"
  xmlns:structures="http://release.niem.gov/niem/structures/4.0/"
  xmlns:j="http://release.niem.gov/niem/domains/jxdm/6.0/"
  xmlns:geo="http://release.niem.gov/niem/adapters/geospatial/4.0/"
  xmlns:gml="http://www.opengis.net/gml/3.2.1/">

  <nc:Person structures:id="P01">
    <nc:PersonBirthDate>
      <nc:Date>2006-05-04</nc:Date>
    </nc:PersonBirthDate>
    <nc:PersonName>
      <nc:PersonGivenName nc:sequenceID="1">Peter</nc:PersonGivenName>
      <nc:PersonMiddleName nc:sequenceID="2">Death</nc:PersonMiddleName>
      <nc:PersonMiddleName nc:sequenceID="3">Bredon</nc:PersonMiddleName>
      <nc:PersonSurName>Wimsey</nc:PersonSurName>
    </nc:PersonName>
    <exch:PersonFictionalCharacterIndicator>true</exch:PersonFictionalCharacterIndicator>
  </nc:Person>

  <j:Crash>
    <nc:IncidentLocation>
      <geo:LocationGeospatialPoint>
        <gml:Point gml:id="PT01" srsName="urn:ogc:def:crs:EPSG::4326">
          <gml:pos>51.835 -0.417</gml:pos>
        </gml:Point>
      </geo:LocationGeospatialPoint>
    </nc:IncidentLocation>
    <j:CrashVehicle>
      <j:CrashDriver>
        <nc:RoleOfPerson structures:ref="P01" xsi:nil="true"/>
        <j:DriverLicense>
          <j:DriverLicenseCardIdentification>
            <nc:IdentificationID>A1234567</nc:IdentificationID>
          </j:DriverLicenseCardIdentification>
          <exch:LicenseAugmentation>
            <nc:ItemLengthMeasure>
              <nc:MeasureDecimalValue>9.7</nc:MeasureDecimalValue>
              <nc:LengthUnitCode>CMT</nc:LengthUnitCode>
            </nc:ItemLengthMeasure>
          </exch:LicenseAugmentation>
        </j:DriverLicense>
      </j:CrashDriver>
    </j:CrashVehicle>
  </j:Crash>

</exch:CrashDriverInfo>
