<?xml version="1.0" encoding="UTF-8"?>
<j:Crash
  xmlns:xsi="http://www.w3.org/2001/XMLSchema-instance"
  xmlns:nc="http://release.niem.gov/niem/niem-core/4.0/"
  xmlns:j="http://release.niem.gov/niem/domains/jxdm/6.0/">

  <j:CrashVehicle>
    <nc:RoleOfItem xsi:type="nc:VehicleType">
      <nc:VehicleIdentification>
        <nc:IdentificationID>5TFEM5F10EX067865</nc:IdentificationID>
      </nc:VehicleIdentification>
    </nc:RoleOfItem>
    <j:CrashDriver>
      <nc:RoleOfPerson>
        <nc:PersonName>
          <nc:PersonFullName>Gerry H. Everett</nc:PersonFullName>
        </nc:PersonName>
      </nc:RoleOfPerson>
    </j:CrashDriver>
  </j:CrashVehicle>
  
  <j:CrashVehicle>
    <nc:RoleOfItem xsi:type="nc:VehicleType">
      <nc:VehicleIdentification>
        <nc:IdentificationID>1FTSW2BR5AEA23373</nc:IdentificationID>
      </nc:VehicleIdentification>
    </nc:RoleOfItem>
    <j:CrashDriver>
      <nc:RoleOfPerson>
        <nc:PersonName>
          <nc:PersonFullName>Chester D. Barbee</nc:PersonFullName>
        </nc:PersonName>
      </nc:RoleOfPerson>
    </j:CrashDriver>
  </j:CrashVehicle>

</j:Crash>
