<?xml version="1.0" encoding="UTF-8"?>
<!-- Notices - Distribution Notice: 
           This document has been approved for Public Release and is available for use without restriction.
       --><cve:CVE xmlns:cve="urn:us:gov:ic:cve" xmlns:ddms="urn:us:mil:ces:metadata:ddms:5"
         xmlns="urn:us:gov:ic:cve"
         xmlns:ism="urn:us:gov:ic:ism"
         xmlns:xsi="http://www.w3.org/2001/XMLSchema-instance"
         ism:ownerProducer="USA"
         ism:classification="U"
         ism:DESVersion="10"
         ism:resourceElement="true"
         CVEVersion="1"
         ism:createDate="2011-09-01"
         xsi:schemaLocation="urn:us:gov:ic:cve ../Schema/CVEXml.xsd">
	
	  <cve:IRM>
		    <ddms:identifier ddms:qualifier="name" ddms:value="urn:us:gov:ic:cvenum:ism:attributes"/>
		    <ddms:title ism:ownerProducer="USA" ism:classification="U">CVEnumISMElements</ddms:title>
		    <ddms:description ism:ownerProducer="USA" ism:classification="U">All currently authorized ISM element names</ddms:description>
		
		    <cve:Created>2011-04-15T15:16:00-05:00</cve:Created>
		
		    <ddms:source ddms:value="ISM schema"/>
		    <ddms:pointOfContact>
			      <ddms:organization>
				        <ddms:name>Office IC CIO</ddms:name>
				        <ddms:email>datastandardssupport@ugov.gov</ddms:email>
			      </ddms:organization>
		    </ddms:pointOfContact>
	  </cve:IRM>
	
	  <cve:Enumeration multivalue="false" ism:ownerProducer="USA" ism:classification="U">
		    <Term ism:classification="U" ism:ownerProducer="USA">
			      <Value ism:classification="U" ism:ownerProducer="USA">Notice</Value>
			      <ddms:description ism:classification="U" ism:ownerProducer="USA">Notice element</ddms:description>
		    </Term>
		    <Term ism:classification="U" ism:ownerProducer="USA">
			      <Value ism:classification="U" ism:ownerProducer="USA">NoticeText</Value>
			      <ddms:description ism:classification="U" ism:ownerProducer="USA">NoticeText element</ddms:description>
		    </Term>
		    <Term ism:classification="U" ism:ownerProducer="USA">
			      <Value ism:classification="U" ism:ownerProducer="USA">NoticeList</Value>
			      <ddms:description ism:classification="U" ism:ownerProducer="USA">NoticeList element</ddms:description>
		    </Term>
		    <Term ism:classification="U" ism:ownerProducer="USA">
			      <Value ism:classification="U" ism:ownerProducer="USA">NoticeExternal</Value>
			      <ddms:description ism:classification="U" ism:ownerProducer="USA">NoticeExternal element</ddms:description>
		    </Term>
		    <Term ism:classification="U" ism:ownerProducer="USA">
			      <Value ism:classification="U" ism:ownerProducer="USA">NoticeExternalList</Value>
			      <ddms:description ism:classification="U" ism:ownerProducer="USA">NoticeExternalList element</ddms:description>
		    </Term>
	  </cve:Enumeration>
	
</cve:CVE>