<?xml version="1.0" encoding="UTF-8"?>
<w:WantList w:release="4.0" w:product="NIEM" w:nillableDefault="true"
  xmlns:j="http://release.niem.gov/niem/domains/jxdm/6.0/"
  xmlns:w="http://niem.gov/niem/wantlist/2.2" xmlns:nc="http://release.niem.gov/niem/niem-core/4.0/">
  <w:Element w:name="j:Charge" w:isReference="false" w:nillable="true"/>
  <w:Element w:name="j:Crash" w:isReference="false" w:nillable="true"/>
  <w:Element w:name="j:PersonChargeAssociation" w:isReference="false" w:nillable="true"/>
  <w:Element w:name="nc:Date" w:isReference="false" w:nillable="true"/>
  <w:Element w:name="nc:IncidentLocation" w:isReference="false" w:nillable="true"/>
  <w:Element w:name="nc:Person" w:isReference="false" w:nillable="true"/>
  <w:Element w:name="nc:PersonName" w:isReference="false" w:nillable="true"/>
  <w:Type w:name="j:ChargeType" w:isRequested="false">
    <w:ElementInType w:name="j:ChargeDescriptionText"
      w:isReference="false" w:minOccurs="0" w:maxOccurs="unbounded"/>
    <w:ElementInType w:name="j:ChargeFelonyIndicator"
      w:isReference="false" w:minOccurs="0" w:maxOccurs="unbounded"/>
  </w:Type>
  <w:Type w:name="j:CrashDriverType" w:isRequested="false">
    <w:ElementInType w:name="nc:RoleOfPerson" w:isReference="false"
      w:minOccurs="0" w:maxOccurs="unbounded"/>
    <w:ElementInType w:name="j:DriverLicense" w:isReference="false"
      w:minOccurs="0" w:maxOccurs="unbounded"/>
  </w:Type>
  <w:Type w:name="j:CrashType" w:isRequested="false">
    <w:ElementInType w:name="j:CrashVehicle" w:isReference="false"
      w:minOccurs="0" w:maxOccurs="unbounded"/>
  </w:Type>
  <w:Type w:name="j:CrashVehicleType" w:isRequested="false">
    <w:ElementInType w:name="nc:RoleOfItem" w:isReference="false"
      w:minOccurs="0" w:maxOccurs="unbounded"/>
    <w:ElementInType w:name="j:CrashDriver" w:isReference="false"
      w:minOccurs="0" w:maxOccurs="unbounded"/>
  </w:Type>
  <w:Type w:name="j:DriverLicenseType" w:isRequested="false">
    <w:ElementInType w:name="j:DriverLicenseCardIdentification"
      w:isReference="false" w:minOccurs="0" w:maxOccurs="unbounded"/>
  </w:Type>
  <w:Type w:name="j:PersonChargeAssociationType" w:isRequested="false">
    <w:ElementInType w:name="nc:Person" w:isReference="false"
      w:minOccurs="0" w:maxOccurs="unbounded"/>
    <w:ElementInType w:name="j:Charge" w:isReference="false"
      w:minOccurs="0" w:maxOccurs="unbounded"/>
    <w:ElementInType w:name="j:JuvenileAsAdultIndicator"
      w:isReference="false" w:minOccurs="0" w:maxOccurs="unbounded"/>
  </w:Type>
  <w:Type w:name="nc:IdentificationType" w:isRequested="false">
    <w:ElementInType w:name="nc:IdentificationID" w:isReference="false"
      w:minOccurs="0" w:maxOccurs="unbounded"/>
  </w:Type>
  <w:Type w:name="nc:IncidentType" w:isRequested="false">
    <w:ElementInType w:name="nc:IncidentLocation" w:isReference="false"
      w:minOccurs="0" w:maxOccurs="unbounded"/>
  </w:Type>
  <w:Type w:name="nc:PersonNameType" w:isRequested="false">
    <w:ElementInType w:name="nc:PersonGivenName" w:isReference="false"
      w:minOccurs="0" w:maxOccurs="unbounded"/>
    <w:ElementInType w:name="nc:PersonMiddleName" w:isReference="false"
      w:minOccurs="0" w:maxOccurs="unbounded"/>
    <w:ElementInType w:name="nc:PersonSurName" w:isReference="false"
      w:minOccurs="0" w:maxOccurs="unbounded"/>
  </w:Type>
  <w:Type w:name="nc:PersonType" w:isRequested="false">
    <w:ElementInType w:name="nc:PersonBirthDate" w:isReference="false"
      w:minOccurs="0" w:maxOccurs="unbounded"/>
  </w:Type>
  <w:Type w:name="nc:VehicleType" w:isRequested="true">
    <w:ElementInType w:name="nc:VehicleIdentification"
      w:isReference="false" w:minOccurs="0" w:maxOccurs="unbounded"/>
  </w:Type>
</w:WantList>
